removed_from,removed_gene,outcome,beta,se,ci_low,ci_high,p,n,patients
gly,ABCB6,Inflamm,0.38975287828297744,0.11300547648260859,0.16826621432127656,0.6112395422446784,0.0005627222087570871,136,20
gly,ABCB6,Hypoxia,0.6572595072348568,0.0938314614627987,0.4733532221510134,0.8411657923187003,2.4754822820719968e-12,136,20
gly,AGL,Inflamm,0.3781308639236246,0.11637416097605859,0.15004169967948316,0.6062200281677661,0.0011570232160335173,136,20
gly,AGL,Hypoxia,0.6592048592482647,0.09864759258298596,0.4658591306240316,0.8525505878724977,2.3502479778287207e-11,136,20
gly,AGRN,Inflamm,0.374071431718459,0.11579197796317721,0.1471233252119761,0.6010195382249419,0.0012355357139951586,136,20
gly,AGRN,Hypoxia,0.6454049966003114,0.10036520009571358,0.4486928191115568,0.842117174089066,1.2713005396064833e-10,136,20
gly,AK3,Inflamm,0.3658086216674328,0.11578426290975774,0.1388756363877908,0.5927416069470748,0.0015809518085773112,136,20
gly,AK3,Hypoxia,0.6367618808377042,0.099173252089557,0.44238587851246086,0.8311378831629477,1.3564749427474724e-10,136,20
gly,AKR1A1,Inflamm,0.3677336078506436,0.11258617516678242,0.14706875936663222,0.5883984563346549,0.0010898536280587211,136,20
gly,AKR1A1,Hypoxia,0.6497763677903716,0.09961513804920473,0.45453428489894476,0.8450184506817985,6.89756944659328e-11,136,20
gly,ALDH7A1,Inflamm,0.3740097616859662,0.1154093814654709,0.1478115305355988,0.6002079928363336,0.0011922724963617259,136,20
gly,ALDH7A1,Hypoxia,0.6456413799364366,0.0992563731192956,0.45110246338654764,0.8401802964863254,7.780450925901413e-11,136,20
gly,ALDH9A1,Inflamm,0.36671728810240056,0.11897291225711751,0.1335346649426063,0.5998999112621948,0.0020536664157048087,136,20
gly,ALDH9A1,Hypoxia,0.6398516725442138,0.10192095633959164,0.4400902688487349,0.8396130762396927,3.4313102971415137e-10,136,20
gly,ALG1,Inflamm,0.37769835341736324,0.11587630874454585,0.15058496161660964,0.6048117452181169,0.0011161039317916308,136,20
gly,ALG1,Hypoxia,0.6554429893912924,0.0986489438414035,0.4620946123492272,0.8487913664333576,3.0487515725811764e-11,136,20
gly,ANG,Inflamm,0.3756284656223554,0.11321794478619271,0.15372537143777332,0.5975315598069375,0.0009074673002889348,136,20
gly,ANG,Hypoxia,0.6440724951426398,0.09715702343157327,0.453648228371642,0.8344967619136375,3.375309043534092e-11,136,20
gly,ARPP19,Inflamm,0.35281362361581836,0.11662945436889974,0.12422409351621722,0.5814031537154195,0.0024856600431803363,136,20
gly,ARPP19,Hypoxia,0.6417152862414239,0.10099353805271305,0.4437715889868309,0.839658983496017,2.0975514632885667e-10,136,20
gly,AURKA,Inflamm,0.38151448302964663,0.11120962625900532,0.16354762082783633,0.5994813452314569,0.0006022731140407611,136,20
gly,AURKA,Hypoxia,0.6548322689599276,0.09688206083693615,0.4649469189715143,0.844717618948341,1.3888386971471125e-11,136,20
gly,B3GAT3,Inflamm,0.37670820909127123,0.11492360507870704,0.151462082163501,0.6019543360190415,0.0010458203855480647,136,20
gly,B3GAT3,Hypoxia,0.6422434225287048,0.1003868884156395,0.44548873671401024,0.8389981083433994,1.5775305085402303e-10,136,20
gly,B4GALT1,Inflamm,0.33651711717858934,0.11994906027210346,0.10142127906584233,0.5716129552913364,0.005023854422782973,136,20
gly,B4GALT1,Hypoxia,0.6132551827764352,0.10587121967980752,0.4057514052046843,0.8207589603481862,6.936137573752707e-09,136,20
gly,B4GALT4,Inflamm,0.36812431570721627,0.11500534601862436,0.14271797948114562,0.5935306519332869,0.0013698375863094982,136,20
gly,B4GALT4,Hypoxia,0.6466909200499221,0.09999746694746987,0.4506994862876467,0.8426823538121975,9.991937735002505e-11,136,20
gly,B4GALT7,Inflamm,0.37101417513608936,0.1202076835806382,0.1354114446530517,0.6066169056191271,0.0020256671410780274,136,20
gly,B4GALT7,Hypoxia,0.644450327296622,0.09924728468599821,0.44992922374867184,0.8389714308445722,8.393165962571073e-11,136,20
gly,BIK,Inflamm,0.35146387199134,0.11722799204586655,0.12170122960149363,0.5812265143811863,0.0027164852524799938,136,20
gly,BIK,Hypoxia,0.6263692853394394,0.1007145519498075,0.4289723907987284,0.8237661798801503,4.99527107423266e-10,136,20
gly,BPNT1,Inflamm,0.38123377011165704,0.11470568899615323,0.15641475085734433,0.6060527893659697,0.0008886927235529838,136,20
gly,BPNT1,Hypoxia,0.6587393221986425,0.0994140588512619,0.4638913472932238,0.8535872971040612,3.443941997267866e-11,136,20
gly,CAPN5,Inflamm,0.378250947811235,0.11574641985457702,0.15139213355681222,0.6051097620656578,0.0010833798375300603,136,20
gly,CAPN5,Hypoxia,0.6508124224576104,0.10034413701984399,0.45414152783896383,0.847483317076257,8.825974320631716e-11,136,20
gly,CD44,Inflamm,0.34546692766834597,0.12216313859369167,0.10603157578633518,0.5849022795503568,0.0046852297946367374,136,20
gly,CD44,Hypoxia,0.6295559578780464,0.1064238204444824,0.42096910270970345,0.8381428130463894,3.30758456559546e-09,136,20
gly,CHPF2,Inflamm,0.36875289571389724,0.11832385091093309,0.13684240941638154,0.6006633820114129,0.0018302944164628723,136,20
gly,CHPF2,Hypoxia,0.6434055080279395,0.10152641894365518,0.44441738341905024,0.8423936326368288,2.3379455984274906e-10,136,20
gly,CHST12,Inflamm,0.3814279336561841,0.11717392585420389,0.15177125905477779,0.6110846082575905,0.0011330106332919983,136,20
gly,CHST12,Hypoxia,0.6550014959131889,0.10275974260162904,0.4535961013533897,0.8564068904729881,1.8403323054979084e-10,136,20
gly,CHST6,Inflamm,0.3732749417563408,0.11474074173702373,0.1483872203923625,0.5981626631203191,0.001141118866177076,136,20
gly,CHST6,Hypoxia,0.6401011417995839,0.09846031023367799,0.44712247983493447,0.8330798037642333,7.973039492653127e-11,136,20
gly,CLN6,Inflamm,0.3625061047949718,0.11500629698447674,0.13709790471007996,0.5879143048798636,0.0016212606364617386,136,20
gly,CLN6,Hypoxia,0.6314955295422183,0.1041393120644805,0.427386228521059,0.8356048305633776,1.328188720794781e-09,136,20
gly,COG2,Inflamm,0.37448715135145605,0.11782524141101773,0.14355392171612397,0.6054203809867882,0.0014812756354902442,136,20
gly,COG2,Hypoxia,0.6562145863531916,0.10272858335828909,0.45487026278812426,0.857558909918259,1.6823632180045957e-10,136,20
gly,COPB2,Inflamm,0.38797924359115477,0.11543400930187295,0.1617327427684222,0.6142257444138873,0.0007764733638203002,136,20
gly,COPB2,Hypoxia,0.6764000168003923,0.09489960132017314,0.4904002160656432,0.8623998175351414,1.0218396210426948e-12,136,20
gly,CTH,Inflamm,0.3391068475814829,0.11798404550505404,0.10786236764124216,0.5703513275217237,0.00405083858068687,136,20
gly,CTH,Hypoxia,0.6154972807117891,0.1027331385257876,0.4141440291824811,0.816850532241097,2.082670982925445e-09,136,20
gly,DSC2,Inflamm,0.35518629936239643,0.11729212108612591,0.12529796636327858,0.5850746323615142,0.002459992570088667,136,20
gly,DSC2,Hypoxia,0.6308117459020685,0.10321499490679917,0.428514073220257,0.8331094185838799,9.861929810026158e-10,136,20
gly,ECD,Inflamm,0.3548888246543582,0.11645240668242678,0.12664630164379023,0.5831313476649262,0.0023075276599587315,136,20
gly,ECD,Hypoxia,0.6424208114462988,0.10238896559816693,0.441742126459581,0.8430994964330166,3.5117274220806713e-10,136,20
gly,EGLN3,Inflamm,0.4052719881556517,0.11241809517843024,0.1849365703953325,0.6256074059159709,0.00031210209212434106,136,20
gly,EGLN3,Hypoxia,0.6532455580483751,0.0962177003919395,0.46466233060490825,0.841828785491842,1.1272174093682644e-11,136,20
gly,EXT2,Inflamm,0.3615952616482392,0.11913945387901448,0.12808622290759997,0.5951043003888784,0.0024048870437344736,136,20
gly,EXT2,Hypoxia,0.6467336126752805,0.10291834822738526,0.4450173568012537,0.8484498685493074,3.300798289765855e-10,136,20
gly,FKBP4,Inflamm,0.3805859532020661,0.11618815846902901,0.1528613471727368,0.6083105592313954,0.001054377107117826,136,20
gly,FKBP4,Hypoxia,0.6566697235106886,0.09972942457082533,0.461203643152967,0.8521358038684103,4.563778445431037e-11,136,20
gly,FUT8,Inflamm,0.3785307208980807,0.1152719952127423,0.15260176185503227,0.6044596799411291,0.0010241586371465955,136,20
gly,FUT8,Hypoxia,0.6531751822166023,0.10112487532012879,0.4549740686480465,0.851376295785158,1.0533093830067149e-10,136,20
gly,G6PD,Inflamm,0.3646786645035296,0.11995492296240322,0.12957133572894255,0.5997859932781167,0.0023647536798907737,136,20
gly,G6PD,Hypoxia,0.6405861786507636,0.10142940391244411,0.4417882000090071,0.8393841572925201,2.6913871589157463e-10,136,20
gly,GALE,Inflamm,0.3714118390851,0.11875772124524592,0.1386509825583708,0.6041726956118292,0.0017631463817802844,136,20
gly,GALE,Hypoxia,0.6387693394130369,0.10583769983068905,0.4313312595383254,0.8462074192877485,1.5860201215470047e-09,136,20
gly,GALK2,Inflamm,0.38086326751772703,0.11268973296627002,0.15999544947640176,0.6017310855590523,0.0007255145687705981,136,20
gly,GALK2,Hypoxia,0.6654720549433959,0.09405326867974087,0.4811310357028347,0.8498130741839571,1.4893195846615563e-12,136,20
gly,GCLC,Inflamm,0.37761086948498923,0.11613553103709197,0.14998941132685534,0.6052323276431231,0.0011481102365598404,136,20
gly,GCLC,Hypoxia,0.6548601614095676,0.09978098423286597,0.4592930259711913,0.8504272968479438,5.274449336995969e-11,136,20
gly,GFPT1,Inflamm,0.3670065869207044,0.1167377196689326,0.13820486073226346,0.5958083131091454,0.0016673743510098535,136,20
gly,GFPT1,Hypoxia,0.6446232344448461,0.10072982834176043,0.44719639872609374,0.8420500701635986,1.5585923920658828e-10,136,20
gly,GLCE,Inflamm,0.3738338315065257,0.1150602432346897,0.1483198987141155,0.599347764298936,0.0011580050520657353,136,20
gly,GLCE,Hypoxia,0.647922749664797,0.10177727069036727,0.44844296466689315,0.8474025346627009,1.9391407947040856e-10,136,20
gly,GMPPA,Inflamm,0.37995354557587147,0.11623615520811212,0.1521348676665639,0.607772223485179,0.001080019828185512,136,20
gly,GMPPA,Hypoxia,0.6563887431868283,0.10069704533464566,0.4590261609813257,0.8537513253923308,7.103719442571013e-11,136,20
gly,GMPPB,Inflamm,0.38035850911352986,0.11502272272783254,0.15491811516324136,0.6057989030638183,0.0009436423099218301,136,20
gly,GMPPB,Hypoxia,0.6538838700368023,0.1016739955835672,0.45460650052872603,0.8531612395448784,1.2661626553684733e-10,136,20
gly,GNE,Inflamm,0.364769223641636,0.11559933783454489,0.13819868484924958,0.5913397624340224,0.0016024458609043928,136,20
gly,GNE,Hypoxia,0.6398801777314919,0.10065984919791893,0.44259049861433775,0.837169856848646,2.05924712157579e-10,136,20
gly,GNPDA1,Inflamm,0.3764848299312411,0.11593570920297687,0.14925501537129754,0.6037146444911847,0.0011648149999333734,136,20
gly,GNPDA1,Hypoxia,0.6521051133406076,0.10104573868155232,0.45405910473351924,0.850151121947696,1.0925003389731448e-10,136,20
gly,GOT1,Inflamm,0.38817832161375443,0.11385026478339043,0.16503590300796034,0.6113207402195485,0.000650698318410481,136,20
gly,GOT1,Hypoxia,0.6668901099738741,0.10020619140272556,0.47048958379660477,0.8632906361511434,2.82956059058931e-11,136,20
gly,GUSB,Inflamm,0.3585699105470238,0.11832979838584276,0.12664776741288616,0.5904920536811614,0.002443442820685721,136,20
gly,GUSB,Hypoxia,0.6365195761221469,0.10345166557539838,0.433758037453684,0.8392811147906099,7.611672009088956e-10,136,20
gly,HAX1,Inflamm,0.38155549084934604,0.11354974549057022,0.159002079234139,0.6041089024645531,0.0007787207488060549,136,20
gly,HAX1,Hypoxia,0.6586170736864035,0.09845240352416187,0.465653908587642,0.8515802387851651,2.2362810035788057e-11,136,20
gly,HS2ST1,Inflamm,0.3657211818584911,0.11576459255771127,0.13882674976042345,0.5926156139565588,0.0015821375778149146,136,20
gly,HS2ST1,Hypoxia,0.6461864585953103,0.10236294113020153,0.44555878062852156,0.8468141365620991,2.742101240127877e-10,136,20
gly,IDUA,Inflamm,0.37051876495412894,0.11924711537704018,0.13679871355483772,0.6042388163534201,0.001889000381122958,136,20
gly,IDUA,Hypoxia,0.6314167142898536,0.10341347900277147,0.4287300199284324,0.8341034086512747,1.0231989602646114e-09,136,20
gly,IL13RA1,Inflamm,0.36921511911622007,0.116295388379696,0.141280346323918,0.5971498919085221,0.001499374971388133,136,20
gly,IL13RA1,Hypoxia,0.649233719351747,0.1019623090528018,0.44939126582771316,0.8490761728757809,1.9227267793087043e-10,136,20
gly,KIF2A,Inflamm,0.3806391299971028,0.11442013246697771,0.15637979125552437,0.6048984687386812,0.000878873369325489,136,20
gly,KIF2A,Hypoxia,0.6530067623634672,0.09906445412891073,0.45884400012268195,0.8471695246042525,4.3471210903754745e-11,136,20
gly,LHPP,Inflamm,0.3670705182329759,0.11505554310877732,0.1415657975180767,0.592575238947875,0.0014208748086747421,136,20
gly,LHPP,Hypoxia,0.6351606415921538,0.10400885148411375,0.4313070386099155,0.8390142445743921,1.016522311796556e-09,136,20
gly,ME1,Inflamm,0.36836329091042475,0.11647924729479545,0.14006816126629115,0.5966584205545583,0.0015643147633055987,136,20
gly,ME1,Hypoxia,0.644598919860281,0.09768376611989779,0.4531422563910473,0.8360555833295146,4.144050596671545e-11,136,20
gly,ME2,Inflamm,0.36362295912872156,0.11778987695788053,0.13275904254787135,0.5944868757095718,0.0020215521029038415,136,20
gly,ME2,Hypoxia,0.6447491718800775,0.10284523335965172,0.44317621851354283,0.8463221252466122,3.630928198210234e-10,136,20
gly,MED24,Inflamm,0.3760482422602828,0.12176818541507557,0.13738698438393915,0.6147095001366264,0.0020135212870344902,136,20
gly,MED24,Hypoxia,0.6596945294095397,0.10382925065106036,0.4561929375916794,0.8631961212274,2.1026744306173522e-10,136,20
gly,MERTK,Inflamm,0.37621096231319284,0.11432335692827916,0.15214130014204802,0.6002806244843377,0.0009991639772720506,136,20
gly,MERTK,Hypoxia,0.6607349477709217,0.0987791851406872,0.4671313024729607,0.8543385930688827,2.2468552691920745e-11,136,20
gly,MPI,Inflamm,0.37885690933606764,0.117592874071901,0.14837911131658774,0.6093347073555475,0.0012740243715658366,136,20
gly,MPI,Hypoxia,0.6506466455309013,0.10398133091929908,0.446846981864534,0.8544463091972687,3.9159655253545365e-10,136,20
gly,NANP,Inflamm,0.3619722795785828,0.11760665875720017,0.13146746407237833,0.5924770950847873,0.002085199145074238,136,20
gly,NANP,Hypoxia,0.6415210904214296,0.10170361662117211,0.44218566474646304,0.8408565160963961,2.831191907982723e-10,136,20
gly,NASP,Inflamm,0.37402192623979713,0.11361271434973962,0.1513450979284705,0.5966987545511238,0.0009944999778414283,136,20
gly,NASP,Hypoxia,0.6563888458969269,0.09945193893939187,0.4614666273830422,0.8513110644108116,4.109891335635205e-11,136,20
gly,NDUFV3,Inflamm,0.3886919960745807,0.11447158241651317,0.16433181728490637,0.613052174864255,0.0006849520289760656,136,20
gly,NDUFV3,Hypoxia,0.6525247841620293,0.09960838584228579,0.45729593535297974,0.8477536329710789,5.719054331923159e-11,136,20
gly,NOL3,Inflamm,0.37595439924733676,0.11741638979998374,0.14582250404465247,0.606086294450021,0.0013652898156190306,136,20
gly,NOL3,Hypoxia,0.6451847205827834,0.10173950125069796,0.4457789623263476,0.8445904788392192,2.2748542733257576e-10,136,20
gly,NSDHL,Inflamm,0.3742531875441465,0.11472035981060685,0.14940541402188082,0.5991009610664122,0.001105088681388249,136,20
gly,NSDHL,Hypoxia,0.6491770897173936,0.10088917747621612,0.4514379354341404,0.8469162440006468,1.2383455540024036e-10,136,20
gly,NT5E,Inflamm,0.35289490404525503,0.12650973805137897,0.10494037377095583,0.6008494343195543,0.005279466437850152,136,20
gly,NT5E,Hypoxia,0.6264491823774485,0.1045558449369953,0.42152349192778316,0.8313748728271139,2.078796265651699e-09,136,20
gly,PAXIP1,Inflamm,0.36436276315987925,0.11781297672081535,0.13345357187562537,0.5952719544441332,0.00198329954031382,136,20
gly,PAXIP1,Hypoxia,0.6401911543680079,0.10077282787506593,0.4426800411126246,0.8377022676233912,2.1140961656143411e-10,136,20
gly,PC,Inflamm,0.3825728321795939,0.11636017011015544,0.15451108952873516,0.6106345748304527,0.0010096163239847634,136,20
gly,PC,Hypoxia,0.6533225897567918,0.1033769128868519,0.4507075636656275,0.8559376158479561,2.618827660460233e-10,136,20
gly,PGAM1,Inflamm,0.35789858094853644,0.12024029098858635,0.12223194112029118,0.5935652207767816,0.0029153255369469026,136,20
gly,PGAM1,Hypoxia,0.6294353587616532,0.10327273949192446,0.427024508772694,0.8318462087506124,1.0951689569809733e-09,136,20
gly,PGLS,Inflamm,0.3699991668335946,0.11574277025285712,0.1431475056671007,0.5968508280000885,0.0013899171395837517,136,20
gly,PGLS,Hypoxia,0.632236505274034,0.10000766092897137,0.43622509167515655,0.8282479188729114,2.583987842633046e-10,136,20
gly,PHKA2,Inflamm,0.378717705725079,0.11435122676112526,0.1545934196853007,0.6028419917648573,0.000926708099806429,136,20
gly,PHKA2,Hypoxia,0.653221402924344,0.09815252550983798,0.4608459879334127,0.8455968179152754,2.8297945512338838e-11,136,20
gly,PKM,Inflamm,0.3672657093756747,0.12028619901917297,0.13150909146087852,0.6030223272904709,0.002263655158476919,136,20
gly,PKM,Hypoxia,0.6418995214535534,0.1021256978540758,0.4417368317635454,0.8420622111435615,3.270382238002114e-10,136,20
gly,PKP2,Inflamm,0.38295930563223757,0.11575646901504963,0.15608079538521358,0.6098378158792616,0.0009385789142140356,136,20
gly,PKP2,Hypoxia,0.6504867672469804,0.09953765834151619,0.4553965417921558,0.8455769927018051,6.35746659764659e-11,136,20
gly,PLOD1,Inflamm,0.3798316792456393,0.11723589376991769,0.15005354976123694,0.6096098087300417,0.001195748198439926,136,20
gly,PLOD1,Hypoxia,0.650029668394764,0.10265274198200393,0.44883399119575346,0.8512253455937744,2.4150718087806145e-10,136,20
gly,PLOD2,Inflamm,0.3805587380068677,0.1160601918803529,0.153084941882568,0.6080325341311674,0.0010418400520440234,136,20
gly,PLOD2,Hypoxia,0.6452205875705059,0.10058835536761572,0.4480710337858629,0.842370141355149,1.4131730493914985e-10,136,20
gly,PMM2,Inflamm,0.3860449882295778,0.11311199103966393,0.16434955957221917,0.6077404168869364,0.0006426494405787079,136,20
gly,PMM2,Hypoxia,0.6619093802181601,0.09636110900998003,0.47304507704826115,0.8507736833880591,6.463036189789364e-12,136,20
gly,POLR3K,Inflamm,0.37565022239359047,0.11449346149456399,0.15124716139892158,0.6000532833882594,0.0010344879277668431,136,20
gly,POLR3K,Hypoxia,0.6549606233188225,0.09993480116708715,0.45909201222916035,0.8508292344084847,5.606129065862146e-11,136,20
gly,PPIA,Inflamm,0.37082829504146353,0.114678743703862,0.14606208758959455,0.5955945024933325,0.0012222892890810077,136,20
gly,PPIA,Hypoxia,0.6412213944749308,0.09920145522720508,0.44679011501564614,0.8356526739342154,1.0208520030364167e-10,136,20
gly,PPP2CB,Inflamm,0.3623831424679804,0.11541611040040321,0.13617172284749138,0.5885945620884695,0.0016906501709884377,136,20
gly,PPP2CB,Hypoxia,0.6408369642339921,0.1001551831311805,0.4445364124318647,0.8371375160361194,1.5697205019417906e-10,136,20
gly,PRPS1,Inflamm,0.37852321384674137,0.11578962388952439,0.1515797212398349,0.6054667064536479,0.001079054635737437,136,20
gly,PRPS1,Hypoxia,0.661016469792837,0.10113038031796259,0.462804566626792,0.8592283729588821,6.306784712171325e-11,136,20
gly,PSMC4,Inflamm,0.3664538406210205,0.11660564418521946,0.13791097762389798,0.5949967036181429,0.0016741063646188833,136,20
gly,PSMC4,Hypoxia,0.6497494212793484,0.10119801300489653,0.4514049604827352,0.8480938820759616,1.3576066060291142e-10,136,20
gly,PYGB,Inflamm,0.37917171000328276,0.11775644409938124,0.14837332062099137,0.6099700993855741,0.001282059390481521,136,20
gly,PYGB,Hypoxia,0.6508736460649251,0.10117070393278031,0.45258271006611095,0.8491645820637393,1.2476414542544753e-10,136,20
gly,PYGL,Inflamm,0.3686387888382747,0.11712489402589747,0.13907821485444513,0.5981993628221043,0.0016472993532807548,136,20
gly,PYGL,Hypoxia,0.6404417600659205,0.10120086993358457,0.44209169979197227,0.8387918203398687,2.476818212056854e-10,136,20
gly,QSOX1,Inflamm,0.3495958433611225,0.12262651767240257,0.10925228517364899,0.5899394015485959,0.004359578502604503,136,20
gly,QSOX1,Hypoxia,0.6237039555425927,0.10652659524171187,0.41491566547316155,0.8324922456120238,4.772595643202555e-09,136,20
gly,RBCK1,Inflamm,0.36800745003717505,0.11763184801556936,0.13745326449176967,0.5985616355825805,0.0017572025703507677,136,20
gly,RBCK1,Hypoxia,0.6391974227114705,0.10130854849022355,0.44063631634460265,0.8377585290783384,2.800966581047917e-10,136,20
gly,RPE,Inflamm,0.37128074254903676,0.11318711270665066,0.14943807812992554,0.5931234069681479,0.0010371930837964798,136,20
gly,RPE,Hypoxia,0.6526057918813493,0.09531542208679378,0.46579099741999985,0.8394205863426987,7.551929529111172e-12,136,20
gly,SLC16A3,Inflamm,0.38391035361124004,0.1176907204669456,0.15324078018145565,0.6145799270410244,0.0011061845516633366,136,20
gly,SLC16A3,Hypoxia,0.6487052788984624,0.09975727011745428,0.45318462227221823,0.8442259355247066,7.881912598883789e-11,136,20
gly,SLC25A13,Inflamm,0.3803968771656472,0.11700839961141453,0.15106462803860427,0.60972912629269,0.0011499097350604465,136,20
gly,SLC25A13,Hypoxia,0.6486206786419518,0.10226213427367424,0.44819057848335125,0.8490507788005524,2.2573498160411335e-10,136,20
gly,SLC35A3,Inflamm,0.36629331152970546,0.11611437825397503,0.13871331206465357,0.5938733109947574,0.0016072353609279395,136,20
gly,SLC35A3,Hypoxia,0.6406358850628502,0.10127104877067648,0.442148276795725,0.8391234933299754,2.516745738663586e-10,136,20
gly,SOD1,Inflamm,0.37228257450098934,0.11340500991303296,0.15001283940503693,0.5945523095969417,0.0010279246319932324,136,20
gly,SOD1,Hypoxia,0.6457604736396192,0.09796633080327175,0.45374999356766965,0.8377709537115687,4.3494383585139785e-11,136,20
gly,SPAG4,Inflamm,0.3799322743087903,0.11577254862040932,0.1530222486143757,0.6068423000032048,0.0010317857532781247,136,20
gly,SPAG4,Hypoxia,0.6450332060875541,0.10435537780360052,0.4405004239994265,0.8495659881756816,6.364805004499255e-10,136,20
gly,SRD5A3,Inflamm,0.37471157325256765,0.11549202545438012,0.14835136286039946,0.6010717836447359,0.0011766525684714774,136,20
gly,SRD5A3,Hypoxia,0.6466895950523864,0.1037040874368848,0.44343331862649954,0.8499458714782733,4.4915267552867726e-10,136,20
gly,STMN1,Inflamm,0.39129119961238756,0.11384080314186233,0.16816732548322316,0.6144150737415519,0.0005878073494418335,136,20
gly,STMN1,Hypoxia,0.668068779715444,0.09903704150783527,0.4739597452246884,0.8621778142061995,1.523481099644732e-11,136,20
gly,TALDO1,Inflamm,0.36639026505718464,0.11647938741209932,0.13809486078818184,0.5946856693261875,0.0016578201827586146,136,20
gly,TALDO1,Hypoxia,0.6338960920597664,0.09986112878948489,0.43817187617686004,0.8296203079426727,2.184496190743657e-10,136,20
gly,TGFA,Inflamm,0.3656648078254078,0.11882522046595183,0.13277165525711046,0.5985579603937051,0.0020886162274882402,136,20
gly,TGFA,Hypoxia,0.6445260078825148,0.10343140157519615,0.44180418592463094,0.8472478298403987,4.621831285044449e-10,136,20
gly,TPST1,Inflamm,0.3500685840214841,0.12317346912222878,0.10865302069105928,0.5914841473519089,0.004482055034583202,136,20
gly,TPST1,Hypoxia,0.6314218059576941,0.10189777258920568,0.4317058415779983,0.83113777033739,5.768844192765985e-10,136,20
gly,TXN,Inflamm,0.3581150701783019,0.11775732774169223,0.12731494888890577,0.588915191467698,0.0023569385229629206,136,20
gly,TXN,Hypoxia,0.6169481453336787,0.09968512004431093,0.42156890025227745,0.81232739041508,6.055888374096544e-10,136,20
gly,VCAN,Inflamm,0.3667573557040442,0.11778509331989888,0.1359028148813531,0.5976118965267353,0.0018470456604847197,136,20
gly,VCAN,Hypoxia,0.6557186072488379,0.10186841550526866,0.4560601816963497,0.8553770328013262,1.2192399467281294e-10,136,20
gly,XYLT2,Inflamm,0.38384798456262303,0.11203555345834969,0.16426233479624575,0.6034336343290003,0.0006122550457763217,136,20
gly,XYLT2,Hypoxia,0.6521768871239818,0.09664191578282427,0.46276221279269325,0.8415915614552704,1.4949947825562146e-11,136,20
ox,ABCB7,Inflamm,0.3707924913610837,0.1167182435051955,0.14202893775212447,0.599556044970043,0.0014890099925103056,136,20
ox,ABCB7,Hypoxia,0.6428255610480109,0.1011162214587518,0.4446414087360812,0.8410097133599406,2.0533859005547695e-10,136,20
ox,ACAA1,Inflamm,0.3756628365738486,0.11682441196053393,0.14669119661613175,0.6046344765315654,0.0013016336927268552,136,20
ox,ACAA1,Hypoxia,0.6497195280382853,0.10094384446239126,0.45187322843098543,0.8475658276455851,1.2230392377450387e-10,136,20
ox,ACAA2,Inflamm,0.3760256935038432,0.11544479019889954,0.14975806251121745,0.6022933244964689,0.0011252082309496057,136,20
ox,ACAA2,Hypoxia,0.6482851058478736,0.09936329633808721,0.453536623640042,0.8430335880557052,6.827787999513292e-11,136,20
ox,ACADM,Inflamm,0.36241378372784916,0.11895813366654649,0.12926012607331636,0.5955674413823819,0.0023147179665795265,136,20
ox,ACADM,Hypoxia,0.6331095459542299,0.10462573314453286,0.42804687713484685,0.8381722147736128,1.437852434205447e-09,136,20
ox,ACADSB,Inflamm,0.3710691272887523,0.11700038671306236,0.14175258315389141,0.6003856714236132,0.0015164315428952094,136,20
ox,ACADSB,Hypoxia,0.6443293894579578,0.10065488827381762,0.44704943357337223,0.8416093453425434,1.5398681816934203e-10,136,20
ox,ACADVL,Inflamm,0.37482263143916006,0.11393870141743136,0.1515068802157318,0.5981383826625883,0.001002989897634917,136,20
ox,ACADVL,Hypoxia,0.6505166193525176,0.09774909096586432,0.45893192153789397,0.8421013171671412,2.8337062760602173e-11,136,20
ox,ACAT1,Inflamm,0.3630058304905298,0.11970576911025775,0.12838683429275732,0.5976248266883023,0.002425499489450328,136,20
ox,ACAT1,Hypoxia,0.6368679309054286,0.10364813089308327,0.43372132729009205,0.8400145345207651,8.020608567388525e-10,136,20
ox,ACO2,Inflamm,0.36830835341776813,0.11645414482168183,0.14006242371686012,0.5965542831186761,0.0015631871914930512,136,20
ox,ACO2,Hypoxia,0.638956848962811,0.1015221246066699,0.4399771410997504,0.8379365568258716,3.098478750303448e-10,136,20
ox,AFG3L2,Inflamm,0.3705848597969219,0.1140880269486716,0.14697643591029047,0.5941932836835533,0.0011612282812003903,136,20
ox,AFG3L2,Hypoxia,0.6458248922780162,0.09952504036777103,0.45075939759729,0.8408903869587424,8.636818810314137e-11,136,20
ox,AIFM1,Inflamm,0.3649308092199611,0.11595619113538858,0.13766085081015683,0.5922007676297654,0.001648738487186073,136,20
ox,AIFM1,Hypoxia,0.6348520002846368,0.09976464447819325,0.4393168901769353,0.8303871103923384,1.9721144718344317e-10,136,20
ox,ALAS1,Inflamm,0.3809938392255824,0.11198886365016043,0.16149969980170112,0.6004879786494637,0.000668777551362006,136,20
ox,ALAS1,Hypoxia,0.6575059990101613,0.0968519880607795,0.46767959057993014,0.8473324074403924,1.1309253212792112e-11,136,20
ox,ALDH6A1,Inflamm,0.3688615431674127,0.11602573101027339,0.14145528910734478,0.5962677972274806,0.001477149214381647,136,20
ox,ALDH6A1,Hypoxia,0.6397749861093822,0.09807652150020497,0.44754853624001223,0.8320014359787522,6.881259785900613e-11,136,20
ox,ATP1B1,Inflamm,0.3717307943107485,0.11783765870353713,0.1407732272292929,0.6026883613922042,0.0016071774602389758,136,20
ox,ATP1B1,Hypoxia,0.6469878672515259,0.09981292222303562,0.4513581345026785,0.8426176000003733,9.051160175477497e-11,136,20
ox,ATP6AP1,Inflamm,0.37177630563239894,0.11524953906425917,0.14589135983160895,0.5976612514331889,0.001256045701169257,136,20
ox,ATP6AP1,Hypoxia,0.6492432022646015,0.09897386850964482,0.4552579845750947,0.8432284199541084,5.390036870932055e-11,136,20
ox,ATP6V0B,Inflamm,0.37914173026611653,0.11488888812639346,0.1539636473145339,0.6043198132176991,0.0009665964434451981,136,20
ox,ATP6V0B,Hypoxia,0.653943328020649,0.0990893478089302,0.4597317750635829,0.8481548809777151,4.124575441251895e-11,136,20
ox,ATP6V0C,Inflamm,0.3747726384880763,0.11587406809813917,0.14766363827358187,0.6018816387025707,0.0012193709217819717,136,20
ox,ATP6V0C,Hypoxia,0.6556394292520717,0.09947373322994761,0.46067449471362926,0.8506043637905143,4.366356838838546e-11,136,20
ox,ATP6V0E1,Inflamm,0.3721037175542512,0.11681538875164618,0.14314976276097935,0.601057672347523,0.0014455414604785518,136,20
ox,ATP6V0E1,Hypoxia,0.6458878114462389,0.10156078695222705,0.4468323267783284,0.8449432961141493,2.0225607148729832e-10,136,20
ox,ATP6V1C1,Inflamm,0.369647849411584,0.11620098752713219,0.14189809889041688,0.5973975999327512,0.0014671310586180117,136,20
ox,ATP6V1C1,Hypoxia,0.6370765564856937,0.10174634794692831,0.43765737895123336,0.8364957340201541,3.814889927624762e-10,136,20
ox,ATP6V1D,Inflamm,0.3785135892263767,0.11670556511862293,0.14977488479848175,0.6072522936542716,0.00118145095821764,136,20
ox,ATP6V1D,Hypoxia,0.643886706997933,0.10045709376809758,0.44699442122089866,0.8407789927749674,1.4593127753395942e-10,136,20
ox,ATP6V1E1,Inflamm,0.37297889713943144,0.11609781959579152,0.14543135204805152,0.6005264422308114,0.0013152734924748936,136,20
ox,ATP6V1E1,Hypoxia,0.6412754549183196,0.09962372219865166,0.4460165474031389,0.8365343624335003,1.2187762982898768e-10,136,20
ox,ATP6V1F,Inflamm,0.38126190973444496,0.11576968201788528,0.1543575024777355,0.6081663169911544,0.0009902601331921942,136,20
ox,ATP6V1F,Hypoxia,0.657466636199642,0.09901274555584055,0.4634052208997662,0.8515280514995177,3.132105142344433e-11,136,20
ox,ATP6V1G1,Inflamm,0.38532663447268056,0.11664026337563009,0.15671591910917929,0.6139373498361819,0.000954698410091601,136,20
ox,ATP6V1G1,Hypoxia,0.6613543927170167,0.10036093638626963,0.46465057194521275,0.8580582134888206,4.405408251092933e-11,136,20
ox,ATP6V1H,Inflamm,0.3756555725319287,0.11418524773931545,0.15185659939708682,0.5994545456667706,0.001002307113805028,136,20
ox,ATP6V1H,Hypoxia,0.6490903293795736,0.09863478303009714,0.4557697070176607,0.8424109517414864,4.680976301385136e-11,136,20
ox,BAX,Inflamm,0.3679135243829519,0.11603693660586645,0.14048530775909623,0.5953417410068076,0.001520937193780158,136,20
ox,BAX,Hypoxia,0.6464919251384804,0.1016954299737936,0.4471725449975299,0.8458113052794309,2.0554676071377668e-10,136,20
ox,BCKDHA,Inflamm,0.3672604128629916,0.11585861548540596,0.1401816992129213,0.5943391265130619,0.0015249055853976258,136,20
ox,BCKDHA,Hypoxia,0.6470675600426703,0.10047551988445817,0.45013915974119423,0.8439959603441464,1.1943267646294876e-10,136,20
ox,BDH2,Inflamm,0.36761967540044815,0.11795828260947179,0.13642568980768605,0.5988136609932102,0.0018299753851909225,136,20
ox,BDH2,Hypoxia,0.6408837549199051,0.10161521834678265,0.4417215866790374,0.8400459231607729,2.845578074700472e-10,136,20
ox,CASP7,Inflamm,0.37090253726742306,0.11450421513620905,0.1464783995224272,0.5953266750124189,0.0011986371483459772,136,20
ox,CASP7,Hypoxia,0.6386065400812698,0.09971069602713846,0.44317716699465737,0.8340359131678823,1.5076989740495312e-10,136,20
ox,COX10,Inflamm,0.36551738722811344,0.11516973411348122,0.1397888562566362,0.5912459181995907,0.0015049475265341192,136,20
ox,COX10,Hypoxia,0.6367498051347891,0.10063745782031257,0.43950401231130765,0.8339955979582705,2.49706236533906e-10,136,20
ox,COX11,Inflamm,0.37603079711205434,0.11648431434045713,0.14772573624091584,0.6043358579831928,0.0012458630212730133,136,20
ox,COX11,Hypoxia,0.644765236226029,0.09910992399927045,0.45051335467695697,0.839017117775101,7.740614842704267e-11,136,20
ox,COX15,Inflamm,0.3688541022410212,0.11611209921144419,0.141278569617249,0.5964296348647935,0.0014895751534842274,136,20
ox,COX15,Hypoxia,0.6386188331485548,0.10067380594129924,0.44130179931703384,0.8359358669800758,2.2468201761494436e-10,136,20
ox,COX17,Inflamm,0.3692014815797866,0.11818440065245538,0.137564312766522,0.6008386503930512,0.0017844424937664104,136,20
ox,COX17,Hypoxia,0.6575737150654861,0.10407160758004019,0.45359711239542166,0.8615503177355506,2.6415924547456483e-10,136,20
ox,COX4I1,Inflamm,0.37476198059215104,0.11599056479875093,0.14742465104013983,0.6020993101441623,0.0012337109091819173,136,20
ox,COX4I1,Hypoxia,0.6552137559669902,0.10012827897231816,0.4589659353472674,0.851461576586713,5.999774279645543e-11,136,20
ox,COX5A,Inflamm,0.3740574690403672,0.11620774470761565,0.14629447468881543,0.601820463391919,0.001286974121425352,136,20
ox,COX5A,Hypoxia,0.6530652495455,0.1009717801330399,0.4551641970298449,0.8509663020611552,9.944018305751184e-11,136,20
ox,COX5B,Inflamm,0.3714973308599414,0.11782918710563975,0.14055636780525618,0.6024382939146267,0.0016168684765499933,136,20
ox,COX5B,Hypoxia,0.6585726912081016,0.10212135973538572,0.45841850407448675,0.8587268783417163,1.1264845996347531e-10,136,20
ox,COX6A1,Inflamm,0.3766103113121976,0.11743769202958802,0.14643666450669848,0.6067839581176967,0.0013417610297734417,136,20
ox,COX6A1,Hypoxia,0.6555693821169168,0.10136218852473114,0.45690314321428466,0.854235621019549,9.957625096528228e-11,136,20
ox,COX6B1,Inflamm,0.3760450343467363,0.1180018764731714,0.14476560635117602,0.6073244623422966,0.001438703139192229,136,20
ox,COX6B1,Hypoxia,0.6547904770237709,0.10147079169361352,0.4559113798215223,0.8536695742260195,1.0966122396265566e-10,136,20
ox,COX6C,Inflamm,0.3807653271473799,0.11867865487542283,0.14815943785789223,0.6133712164368675,0.0013348850358108108,136,20
ox,COX6C,Hypoxia,0.6577952492678305,0.10220377709128253,0.45747952708495687,0.8581109714507041,1.2257028935474442e-10,136,20
ox,COX7A2,Inflamm,0.37475840239371616,0.11751775947658542,0.1444278262757681,0.6050889785116642,0.0014278997078167332,136,20
ox,COX7A2,Hypoxia,0.6580934725054857,0.10182448516636954,0.4585211488350684,0.8576657961759029,1.026351313337636e-10,136,20
ox,COX7A2L,Inflamm,0.37866436236392587,0.11494643269153543,0.15337349413715895,0.6039552305906928,0.00098678342973387,136,20
ox,COX7A2L,Hypoxia,0.6545044412597094,0.10065906321068377,0.4572163026492285,0.8517925798701903,7.915857454947693e-11,136,20
ox,COX7B,Inflamm,0.3814438776318295,0.11841623104160165,0.1493523296053163,0.6135354256583427,0.0012764933496584854,136,20
ox,COX7B,Hypoxia,0.6560509661177307,0.10143567502669544,0.45724069631789865,0.8548612359175628,9.953532421077042e-11,136,20
ox,COX7C,Inflamm,0.37596402625709935,0.11874753848767836,0.14322312756846586,0.6087049249457328,0.0015450910078673391,136,20
ox,COX7C,Hypoxia,0.658940399896657,0.10244002377047504,0.4581616427310989,0.8597191570622151,1.2556278628452252e-10,136,20
ox,COX8A,Inflamm,0.3760277181808078,0.11625447332806432,0.14817313741612945,0.6038822989454862,0.0012184628859368888,136,20
ox,COX8A,Hypoxia,0.6588161088263063,0.10041927321009719,0.4619979499808279,0.8556342676717846,5.357228714667413e-11,136,20
ox,CPT1A,Inflamm,0.3727368701594883,0.11482727099386138,0.14767955456849918,0.5977941857504774,0.0011701181640000281,136,20
ox,CPT1A,Hypoxia,0.6481567657625469,0.0993819051518093,0.453371810950025,0.8429417205750688,6.94319929262453e-11,136,20
ox,CS,Inflamm,0.3767797042486879,0.11646558201252545,0.14851135806564206,0.6050480504317337,0.0012159318676369373,136,20
ox,CS,Hypoxia,0.6435126083106351,0.09997984856481042,0.44755570594383803,0.8394695106774321,1.2232175102990385e-10,136,20
ox,CYB5R3,Inflamm,0.3728651003063509,0.11508403504159448,0.14730453642928018,0.5984256641834216,0.0011955583074259686,136,20
ox,CYB5R3,Hypoxia,0.6519569417410909,0.09947457788125424,0.45699035171650787,0.8469235317656738,5.6013860225251673e-11,136,20
ox,CYC1,Inflamm,0.37133375395302193,0.11635732122589308,0.1432775950127135,0.5993899128933303,0.0014162303100719701,136,20
ox,CYC1,Hypoxia,0.6490743027634103,0.10054240602029679,0.45201480804462546,0.8461337974821951,1.0770076728275309e-10,136,20
ox,CYCS,Inflamm,0.3862338982844796,0.1170627189512141,0.15679518520776553,0.6156726113611937,0.0009690010653038577,136,20
ox,CYCS,Hypoxia,0.6553406076429782,0.10138953442311349,0.4566207717643917,0.8540604435215646,1.0224616307111228e-10,136,20
ox,DECR1,Inflamm,0.3733813180692376,0.11709177942709062,0.14388564750643193,0.6028769886320432,0.0014286868506792581,136,20
ox,DECR1,Hypoxia,0.6434367416329257,0.10062778147061,0.4462099141063631,0.8406635691594884,1.6136298484027012e-10,136,20
ox,DLAT,Inflamm,0.3723152156454659,0.11646639201913962,0.14404528187862903,0.6005851494123027,0.001389800459436424,136,20
ox,DLAT,Hypoxia,0.6444722842493086,0.09901896999673439,0.450398669269457,0.8385458992291601,7.586758200694916e-11,136,20
ox,DLST,Inflamm,0.3723277151226021,0.11644762836557161,0.14409455744097693,0.6005608728042273,0.0013868046009548034,136,20
ox,DLST,Hypoxia,0.6471699959154456,0.09951443980967213,0.4521252779468092,0.8422147138840819,7.858874091198e-11,136,20
ox,ECH1,Inflamm,0.36827664729114196,0.11561078465048552,0.14168367315177424,0.5948696214305097,0.0014451061482289877,136,20
ox,ECH1,Hypoxia,0.6453788218100542,0.1005182729907722,0.4483666269599754,0.842391016660133,1.3581637395116268e-10,136,20
ox,ECHS1,Inflamm,0.36764668325664907,0.11566118095884208,0.14095493416794871,0.5943384323453494,0.0014796144416894946,136,20
ox,ECHS1,Hypoxia,0.6420238662707735,0.09947421057665735,0.4470579961499717,0.8369897363915753,1.0881071584058839e-10,136,20
ox,ECI1,Inflamm,0.3670937138688204,0.1165505820027186,0.13865877076630972,0.5955286569713311,0.0016346533681113567,136,20
ox,ECI1,Hypoxia,0.6503988046106917,0.0998196926011291,0.4547558021646193,0.846041807056764,7.23339045576645e-11,136,20
ox,ETFA,Inflamm,0.3707862449485735,0.11524859351465432,0.14490315239095458,0.5966693375061924,0.001294151694864514,136,20
ox,ETFA,Hypoxia,0.6455318968983856,0.10075472639751103,0.4480562618870769,0.8430075319096944,1.484459288747952e-10,136,20
ox,ETFB,Inflamm,0.37244363806210834,0.11521318118562342,0.14662995239399867,0.598257323730218,0.0012264866680709225,136,20
ox,ETFB,Hypoxia,0.6508127273219232,0.09912725947562268,0.45652686886354593,0.8450985857803004,5.18841722260225e-11,136,20
ox,ETFDH,Inflamm,0.35934297346788924,0.11698237391043394,0.13006173377744068,0.5886242131583378,0.002127934560368999,136,20
ox,ETFDH,Hypoxia,0.6294692672592792,0.10279576243172539,0.42799327512976193,0.8309452593887965,9.154512098244854e-10,136,20
ox,FDX1,Inflamm,0.3790271010403369,0.11412331320591594,0.1553495173603573,0.6027046847203165,0.0008962916369536831,136,20
ox,FDX1,Hypoxia,0.6579767150133322,0.09966044974295014,0.46264582283408584,0.8533076071925786,4.0514179187205e-11,136,20
ox,FH,Inflamm,0.36766905536559835,0.1169299730622018,0.1384905194504441,0.5968475912807526,0.0016645478979564058,136,20
ox,FH,Hypoxia,0.6395624004956183,0.10143089530128298,0.4407614987854507,0.8383633022057859,2.874499394716196e-10,136,20
ox,FXN,Inflamm,0.3692263432009537,0.11634837516694432,0.14118771821398843,0.597264968187919,0.0015063620510105647,136,20
ox,FXN,Hypoxia,0.6449761736307913,0.10088780502090301,0.44723970931052215,0.8427126379510604,1.6265766116159847e-10,136,20
ox,GLUD1,Inflamm,0.3769737795731568,0.11413038937620021,0.1532823268542716,0.600665232292042,0.000956530898084324,136,20
ox,GLUD1,Hypoxia,0.6477905148677259,0.09785236667774379,0.4560034003773408,0.839577629358111,3.590040482662816e-11,136,20
ox,GPX4,Inflamm,0.3688382726180264,0.11472989441055419,0.14397181162325692,0.5937047336127959,0.0013051717333260843,136,20
ox,GPX4,Hypoxia,0.6519834827438331,0.09983821222401078,0.4563041825039054,0.8476627829837609,6.559417641067536e-11,136,20
ox,GRPEL1,Inflamm,0.38092775081343944,0.11385675008625556,0.15777262124760083,0.604082880379278,0.0008208236581506658,136,20
ox,GRPEL1,Hypoxia,0.659579564518864,0.0985672074640837,0.4663913878325724,0.8527677412051556,2.2063279151340718e-11,136,20
ox,HADHA,Inflamm,0.3727017066370366,0.11504747544161324,0.14721279825921832,0.5981906150148549,0.0011971972404415062,136,20
ox,HADHA,Hypoxia,0.643187107504016,0.09950110359425965,0.44816852803727814,0.8382056869707538,1.0188976621358486e-10,136,20
ox,HADHB,Inflamm,0.372822705314763,0.11521944780999673,0.14699673728857704,0.5986486733409491,0.0012131851244187525,136,20
ox,HADHB,Hypoxia,0.6440149156223429,0.09980720042797676,0.4483963973857378,0.8396334338589481,1.0995474465239388e-10,136,20
ox,HCCS,Inflamm,0.37068596683640664,0.11590030173300266,0.14352554964239622,0.5978463840304171,0.0013823198173208108,136,20
ox,HCCS,Hypoxia,0.6423658860819843,0.10104582480860265,0.4443197086689792,0.8404120634949894,2.054992316945494e-10,136,20
ox,HSD17B10,Inflamm,0.36978342637278927,0.11743905617021827,0.13960710590078504,0.5999597468447935,0.0016398378970829681,136,20
ox,HSD17B10,Hypoxia,0.6462613350686417,0.10198355025754606,0.44637724954832086,0.8461454205889625,2.3440756041871847e-10,136,20
ox,HSPA9,Inflamm,0.377683540716769,0.11494129004001771,0.15240275190176186,0.6029643295317761,0.0010166351126583864,136,20
ox,HSPA9,Hypoxia,0.6485347596276383,0.09954313484448078,0.45343380042424186,0.8436357188310347,7.263501689855714e-11,136,20
ox,HTRA2,Inflamm,0.36117517158626167,0.1163585700549692,0.1331165649859412,0.5892337781865822,0.0019093347935648355,136,20
ox,HTRA2,Hypoxia,0.6382431697553168,0.10009934033308532,0.44205206782625195,0.8344342716843817,1.8165711170045245e-10,136,20
ox,IDH2,Inflamm,0.3676387375654169,0.11606769143903427,0.14015024257620176,0.595127232554632,0.00153781567360421,136,20
ox,IDH2,Hypoxia,0.6453821848856107,0.09962707138450157,0.45011671308678664,0.8406476566844348,9.295861574148549e-11,136,20
ox,IDH3A,Inflamm,0.3760609380935096,0.11611142674923071,0.14848672347145678,0.6036351527155625,0.0012003643298180034,136,20
ox,IDH3A,Hypoxia,0.6421425766587614,0.10076376787496798,0.4446492206772701,0.8396359326402527,1.8566510689344868e-10,136,20
ox,IDH3B,Inflamm,0.37683559368822306,0.11684671294881936,0.14782024459664714,0.605850942779799,0.0012595405037250363,136,20
ox,IDH3B,Hypoxia,0.6473846458018291,0.10064826609521862,0.45011766914879675,0.8446516224548615,1.2581230247470867e-10,136,20
ox,IDH3G,Inflamm,0.3721060739212122,0.11574396662285824,0.14525206791260395,0.5989600799298205,0.0013048684686789462,136,20
ox,IDH3G,Hypoxia,0.6470936788739515,0.09946421896182342,0.4521473919583717,0.8420399657895313,7.728428077409196e-11,136,20
ox,IMMT,Inflamm,0.36534562366067447,0.11587885440797813,0.13822724245127685,0.5924640048700721,0.0016169931216640935,136,20
ox,IMMT,Hypoxia,0.6406941309525624,0.10080436098056152,0.44312121394608717,0.8382670479590377,2.0732092602510655e-10,136,20
ox,ISCA1,Inflamm,0.38651463848851564,0.1142218923190176,0.16264384329722892,0.6103854336798024,0.0007146590163836332,136,20
ox,ISCA1,Hypoxia,0.662434864071864,0.09827130067447742,0.46982665403598156,0.8550430741077465,1.57432190545013e-11,136,20
ox,ISCU,Inflamm,0.37370479555033154,0.11593259739727119,0.146481080017498,0.600928511083165,0.00126649296158512,136,20
ox,ISCU,Hypoxia,0.652644901783845,0.09949454541202275,0.45763917611809557,0.8476506274495945,5.395055157150873e-11,136,20
ox,LDHB,Inflamm,0.36766124032872993,0.11790971402017003,0.1365624474217792,0.5987600332356806,0.001819845741141329,136,20
ox,LDHB,Hypoxia,0.6394618690283611,0.1027052202362584,0.4381633363410403,0.8407604017156819,4.77924721263766e-10,136,20
ox,LRPPRC,Inflamm,0.36506051802134654,0.11680568968357084,0.13612557305218595,0.5939954629905071,0.0017758402483367863,136,20
ox,LRPPRC,Hypoxia,0.6328580885237726,0.10119851434650892,0.4345126451156551,0.83120353193189,4.01019863871612e-10,136,20
ox,MFN2,Inflamm,0.3651771582140715,0.11470025690472252,0.1403687856633237,0.5899855307648193,0.0014537957024962852,136,20
ox,MFN2,Hypoxia,0.6379807029481886,0.099741974879299,0.4424900244378638,0.8334713814585135,1.5917551530972492e-10,136,20
ox,MGST3,Inflamm,0.36648811642270285,0.11705578663586635,0.13706299043439982,0.5959132424110059,0.00174280849179618,136,20
ox,MGST3,Hypoxia,0.6506534722049298,0.10153089066430361,0.45165658318462065,0.8496503612252388,1.470270221807224e-10,136,20
ox,MPC1,Inflamm,0.37674933799475574,0.11727552798091785,0.14689352688423737,0.6066051491052741,0.0013157849132667987,136,20
ox,MPC1,Hypoxia,0.6537534998197696,0.10062717449596166,0.4565278619416573,0.8509791376978819,8.205252531882716e-11,136,20
ox,MRPL11,Inflamm,0.36700213545434035,0.11668793825367342,0.1382979790469068,0.5957062918617739,0.0016599650656840168,136,20
ox,MRPL11,Hypoxia,0.6459848592706394,0.10077159295731064,0.44847616640958043,0.8434935521316984,1.4515117989406907e-10,136,20
ox,MRPL15,Inflamm,0.3707746300164909,0.1175489167637648,0.1403829867378153,0.6011662732951666,0.0016093013338087034,136,20
ox,MRPL15,Hypoxia,0.6401719789730078,0.10160750215051571,0.4410249341989209,0.8393190237470947,2.968017351219895e-10,136,20
ox,MRPL34,Inflamm,0.3646523651881767,0.11780135662883177,0.13376594886570764,0.5955387815106457,0.0019649112689960374,136,20
ox,MRPL34,Hypoxia,0.643235445842502,0.10227888339663878,0.4427725180061183,0.8436983736788858,3.1944608570360236e-10,136,20
ox,MRPL35,Inflamm,0.3620836292215319,0.1172345083776575,0.13230821505606397,0.5918590433869999,0.002011416860042349,136,20
ox,MRPL35,Hypoxia,0.6382988980284303,0.10275973767659961,0.4368935131215114,0.8397042829353492,5.245913131168428e-10,136,20
ox,MRPS11,Inflamm,0.37126169283925403,0.11720098979760177,0.14155197388350824,0.6009714117949998,0.001536314193163603,136,20
ox,MRPS11,Hypoxia,0.6434242840105644,0.10224751977293332,0.443022827747068,0.8438257402740608,3.1176850463285693e-10,136,20
ox,MRPS12,Inflamm,0.36964126847411805,0.11680904388134367,0.14069974939812568,0.5985827875501104,0.001553540079724648,136,20
ox,MRPS12,Hypoxia,0.6436206960568962,0.10086913175544394,0.4459208306644006,0.8413205614493918,1.7622297480099358e-10,136,20
ox,MRPS15,Inflamm,0.3675769662458199,0.11694942694834595,0.13836030141446382,0.596793631077176,0.0016720182037751295,136,20
ox,MRPS15,Hypoxia,0.6476840905579859,0.10159147358675806,0.44856846119158794,0.846799719924384,1.825117033662576e-10,136,20
ox,MRPS22,Inflamm,0.37893539633806106,0.11704747777882281,0.14952655541031606,0.6083442372658061,0.001206029291436764,136,20
ox,MRPS22,Hypoxia,0.6491337061536882,0.10075577581274307,0.45165601432631985,0.8466113979810564,1.1740901851966978e-10,136,20
ox,MRPS30,Inflamm,0.3693641633019439,0.11589559480001767,0.1422129715270617,0.5965153550768261,0.0014373575068527382,136,20
ox,MRPS30,Hypoxia,0.6420677719863557,0.09872123097257454,0.44857771477064945,0.8355578292020619,7.829157945943472e-11,136,20
ox,MTRF1,Inflamm,0.3662657639918938,0.1172545288482813,0.13645111042504968,0.596080417558738,0.0017860387278576715,136,20
ox,MTRF1,Hypoxia,0.6383718085245951,0.10254129616965932,0.4373945611040078,0.8393490559451824,4.799937134691998e-10,136,20
ox,MTRR,Inflamm,0.3753415351150542,0.1148686801989681,0.15020305897342745,0.6004800112566809,0.0010847476472547128,136,20
ox,MTRR,Hypoxia,0.6436341500468914,0.09998445438095477,0.44766822044633203,0.8396000796474508,1.2158359669292756e-10,136,20
ox,MTX2,Inflamm,0.36354319821435666,0.11690780335685455,0.1344081141232309,0.5926782823054824,0.001873045539945861,136,20
ox,MTX2,Hypoxia,0.6360441049429499,0.10204128313701931,0.4360468650581377,0.8360413448277622,4.5699126271934295e-10,136,20
ox,NDUFA1,Inflamm,0.3797297404002191,0.11838471914152589,0.14769995456293883,0.6117595262374994,0.0013385178217108582,136,20
ox,NDUFA1,Hypoxia,0.6567529466509021,0.10158352097757682,0.4576529041120825,0.8558529891897217,1.0119675338143105e-10,136,20
ox,NDUFA2,Inflamm,0.3731560540552945,0.11796137728284764,0.14195600301417183,0.6043561050964172,0.0015595138789187522,136,20
ox,NDUFA2,Hypoxia,0.655426666768276,0.10171076012467986,0.4560772400837108,0.8547760934528412,1.1634601490408813e-10,136,20
ox,NDUFA3,Inflamm,0.366774348013598,0.11971208015108517,0.13214298240309877,0.6014057136240972,0.002185420512315205,136,20
ox,NDUFA3,Hypoxia,0.6615343644106741,0.10395191870234378,0.4577923476302447,0.8652763811911036,1.9675895971341818e-10,136,20
ox,NDUFA4,Inflamm,0.38453809991057786,0.11735480858426449,0.15452690167282748,0.6145492981483283,0.0010502283222338247,136,20
ox,NDUFA4,Hypoxia,0.65547810984941,0.10014770928011417,0.4591922065261985,0.8517640131726215,5.945027371372716e-11,136,20
ox,NDUFA5,Inflamm,0.3812077708490671,0.11776328263638941,0.15039597818053274,0.6120195635176015,0.0012076457015324847,136,20
ox,NDUFA5,Hypoxia,0.6554451845882108,0.10127805794420311,0.456943838593412,0.8539465305830096,9.688119304225142e-11,136,20
ox,NDUFA6,Inflamm,0.37304485294834133,0.11636483256774977,0.14497397204851825,0.6011157338481644,0.0013467762140616415,136,20
ox,NDUFA6,Hypoxia,0.6523293331955887,0.09992689913644243,0.4564762098013949,0.8481824565897825,6.662460519695828e-11,136,20
ox,NDUFA7,Inflamm,0.3723534759851589,0.11815598699488289,0.1407719969174054,0.6039349550529124,0.0016250534010084216,136,20
ox,NDUFA7,Hypoxia,0.6573696683568114,0.10264938704218127,0.45618056671902363,0.8585587699945992,1.5132918508604738e-10,136,20
ox,NDUFA8,Inflamm,0.3609826839728968,0.1183799273142294,0.12896228994453776,0.5930030780012558,0.0022933162780242127,136,20
ox,NDUFA8,Hypoxia,0.6348550227078515,0.10231768810364138,0.4343160390433121,0.835394006372391,5.478614223397317e-10,136,20
ox,NDUFA9,Inflamm,0.37529336765628596,0.11634089469316458,0.14726940412851627,0.6033173311840556,0.0012561767486363932,136,20
ox,NDUFA9,Hypoxia,0.6464351555128753,0.10024900961792264,0.44995070717593744,0.8429196038498132,1.1311566857233025e-10,136,20
ox,NDUFAB1,Inflamm,0.37196888631271474,0.11734321299670894,0.14198041500895284,0.6019573576164766,0.001524796224726345,136,20
ox,NDUFAB1,Hypoxia,0.6479782841748547,0.10178158810739334,0.44849003719507347,0.8474665311546359,1.9356615884315539e-10,136,20
ox,NDUFB1,Inflamm,0.3638645882089242,0.12055482216237043,0.12758147860804703,0.6001476978098014,0.002542391003962751,136,20
ox,NDUFB1,Hypoxia,0.6544665549436539,0.10562186564946906,0.44745150229076625,0.8614816075965416,5.779968356800763e-10,136,20
ox,NDUFB2,Inflamm,0.3741769116959912,0.11756051727335538,0.14376253183631574,0.6045912915556667,0.0014583563047096642,136,20
ox,NDUFB2,Hypoxia,0.6575555748925728,0.10215056630412761,0.45734414393611184,0.8577670058490336,1.2176071570204786e-10,136,20
ox,NDUFB3,Inflamm,0.37431082032493457,0.11824225442218465,0.1425602602066307,0.6060613804432384,0.0015474932905405231,136,20
ox,NDUFB3,Hypoxia,0.6454933488748691,0.1032610889790391,0.44310533347156655,0.8478813642781716,4.076234739334047e-10,136,20
ox,NDUFB4,Inflamm,0.37695734404396886,0.11752690625058697,0.14660884057840304,0.6073058475095346,0.0013393449674894992,136,20
ox,NDUFB4,Hypoxia,0.6558879929688401,0.10206505245119174,0.4558441660843128,0.8559318198533675,1.3085387051622974e-10,136,20
ox,NDUFB5,Inflamm,0.3746606165184512,0.1180381777173253,0.14331003939175524,0.6060111936451471,0.0015032104163830824,136,20
ox,NDUFB5,Hypoxia,0.6480773865706326,0.10227816968591244,0.4476158575815679,0.8485389155596974,2.351659924183093e-10,136,20
ox,NDUFB6,Inflamm,0.36940119337581634,0.11866341214164434,0.13682517929556046,0.6019772074560722,0.0018518548741622203,136,20
ox,NDUFB6,Hypoxia,0.6492434357121646,0.10332948038475681,0.44672137561680325,0.8517654958075259,3.315986455795044e-10,136,20
ox,NDUFB7,Inflamm,0.3714755331370587,0.11791142656050353,0.14037338371273225,0.6025776825613852,0.0016301215612843296,136,20
ox,NDUFB7,Hypoxia,0.6545416480414734,0.10164721080757425,0.4553167757296773,0.8537665203532695,1.19988707262402e-10,136,20
ox,NDUFB8,Inflamm,0.3787290793752498,0.11755040296149855,0.14833452320254215,0.6091236355479575,0.0012736839135645513,136,20
ox,NDUFB8,Hypoxia,0.6524253982765847,0.10080718978039538,0.4548469369243156,0.8500038596288539,9.670608170244266e-11,136,20
ox,NDUFC1,Inflamm,0.36391442538636887,0.11898965952600661,0.13069897818271256,0.5971298725900251,0.002225444865079603,136,20
ox,NDUFC1,Hypoxia,0.6464863050682228,0.10381049374139548,0.443021476117767,0.8499511340186786,4.737487313082819e-10,136,20
ox,NDUFC2,Inflamm,0.3768830973420141,0.11725710854336822,0.14706338766570848,0.6067028070183197,0.0013082679217493172,136,20
ox,NDUFC2,Hypoxia,0.6538034398287669,0.10109983429436,0.4556514057688539,0.8519554738886799,1.000277687901699e-10,136,20
ox,NDUFS1,Inflamm,0.3717644895991442,0.11595474383669999,0.14449736784264444,0.599031611355644,0.0013453921584170093,136,20
ox,NDUFS1,Hypoxia,0.6407296179234271,0.10035945791606025,0.44402869489998575,0.8374305409468684,1.721302251485561e-10,136,20
ox,NDUFS2,Inflamm,0.36451857420467726,0.11701109616959443,0.1351810399207195,0.593856108488635,0.0018379036340355228,136,20
ox,NDUFS2,Hypoxia,0.6396044360014361,0.1013457539650581,0.4409704082438649,0.8382384637590073,2.770370396096153e-10,136,20
ox,NDUFS3,Inflamm,0.3706504598252849,0.1158880060801862,0.14351414166796111,0.5977867779826087,0.0013821618712221225,136,20
ox,NDUFS3,Hypoxia,0.6477115618103291,0.10076581867405535,0.45021418633648697,0.8452089372841711,1.2938761934967184e-10,136,20
ox,NDUFS4,Inflamm,0.3731185653431357,0.11797732923194579,0.14188724905629743,0.6043498816299739,0.0015635125297129922,136,20
ox,NDUFS4,Hypoxia,0.6459239179264924,0.10133090811508887,0.44731898750018073,0.8445288483528041,1.836785218598941e-10,136,20
ox,NDUFS6,Inflamm,0.3720070457044091,0.11720321210400993,0.14229297110814074,0.6017211203006775,0.001503357895549401,136,20
ox,NDUFS6,Hypoxia,0.652482938361342,0.10188965906984626,0.45278287618737845,0.8521830005353055,1.5153771260768307e-10,136,20
ox,NDUFS7,Inflamm,0.3685338063871252,0.11741704110902018,0.13840063464218666,0.5986669781320637,0.001697141799538738,136,20
ox,NDUFS7,Hypoxia,0.6483429873284917,0.10190674195298331,0.44860944331882746,0.848076531338156,1.989870357516258e-10,136,20
ox,NDUFS8,Inflamm,0.3700623264661935,0.11665590631718542,0.14142095150063153,0.5987037014317556,0.0015125992894418747,136,20
ox,NDUFS8,Hypoxia,0.6492448566086619,0.10116626875372628,0.4509626134010586,0.8475270998162653,1.384375333090311e-10,136,20
ox,NDUFV1,Inflamm,0.36908656514326377,0.11697411093466875,0.1398215205877201,0.5983516096988074,0.0016034182847883534,136,20
ox,NDUFV1,Hypoxia,0.6451183681399324,0.100872544540996,0.44741181381066775,0.842824922469197,1.601473854318695e-10,136,20
ox,NDUFV2,Inflamm,0.3712990295154709,0.1170821362476123,0.1418222592371392,0.6007757997938026,0.0015177416695682988,136,20
ox,NDUFV2,Hypoxia,0.6489675838294936,0.10213185320092696,0.44879282988134495,0.8491423377776423,2.09495923213909e-10,136,20
ox,NNT,Inflamm,0.368769738283111,0.11515418970501066,0.14307167379239702,0.5944678027738249,0.001362877690072917,136,20
ox,NNT,Hypoxia,0.6395211913838923,0.10084210261589052,0.4418743021314545,0.8371680806363301,2.2708511978336847e-10,136,20
ox,NQO2,Inflamm,0.3740257127270792,0.11528957068083054,0.14806230639956636,0.5999891190545921,0.0011776922320553525,136,20
ox,NQO2,Hypoxia,0.6488655631788867,0.098122388350758,0.45654921593434844,0.8411819104234248,3.770701962929201e-11,136,20
ox,OAT,Inflamm,0.3903758500304694,0.11452768441405065,0.16590571334616083,0.614845986714778,0.0006530386676010029,136,20
ox,OAT,Hypoxia,0.6585246274655943,0.09876353290299932,0.464951659989779,0.8520975949414096,2.5986081552017316e-11,136,20
ox,OGDH,Inflamm,0.3664279974446394,0.11642337333993955,0.13824237873969716,0.5946136161495816,0.0016474361170914634,136,20
ox,OGDH,Hypoxia,0.6401442821571631,0.1019014889858715,0.44042103377385,0.8398675305404762,3.3426324318144856e-10,136,20
ox,OPA1,Inflamm,0.37064336125895636,0.11481348683442494,0.1456130621240198,0.5956736603938929,0.001245625035130307,136,20
ox,OPA1,Hypoxia,0.6422740580621302,0.09974155819157099,0.4467841962447451,0.8377639198795154,1.1996043153549743e-10,136,20
ox,OXA1L,Inflamm,0.37436875318370344,0.11648792416791993,0.14605661718074742,0.6026808891866595,0.0013099141768982668,136,20
ox,OXA1L,Hypoxia,0.646691514448996,0.09912368169407804,0.4524126683135908,0.8409703605844012,6.841703062372877e-11,136,20
ox,PDHA1,Inflamm,0.36258483000992436,0.11682394018125683,0.1336141147225993,0.5915555452972494,0.001911260428240253,136,20
ox,PDHA1,Hypoxia,0.6324353526514495,0.101026282199772,0.43442747804791637,0.8304432272549825,3.8471301723386245e-10,136,20
ox,PDHB,Inflamm,0.37255243249458136,0.11801212833503616,0.14125291121899167,0.6038519537701711,0.001594562769204101,136,20
ox,PDHB,Hypoxia,0.6404989942724982,0.10242219328647177,0.4397551842134134,0.841242804331583,4.013091664633962e-10,136,20
ox,PDHX,Inflamm,0.36815679514215693,0.11660262334557966,0.1396198528819315,0.5966937374023824,0.0015920308914083945,136,20
ox,PDHX,Hypoxia,0.6423634159226241,0.10148648054200902,0.44345356914256145,0.8412732627026869,2.4588250189095365e-10,136,20
ox,PDK4,Inflamm,0.3612773058070826,0.11574636223778066,0.13441860447950557,0.5881360071346596,0.0018006409202940882,136,20
ox,PDK4,Hypoxia,0.6367871627122303,0.10361748592121049,0.4337006221380717,0.839873703286389,7.968340667594726e-10,136,20
ox,PDP1,Inflamm,0.37411034596740533,0.11676007266533145,0.14526480871107605,0.6029558832237346,0.0013548783909775764,136,20
ox,PDP1,Hypoxia,0.6468548128433698,0.10126891004689752,0.4483713963978242,0.8453382292889153,1.6862341935602008e-10,136,20
ox,PHB2,Inflamm,0.3677133938745214,0.11714808149875777,0.13810737327899314,0.5973194144700497,0.0016959674177975162,136,20
ox,PHB2,Hypoxia,0.6431981019075426,0.10118287102749698,0.4448833188412872,0.841512884973798,2.060154526537497e-10,136,20
ox,PHYH,Inflamm,0.3740960076421175,0.11536397568631575,0.14798677018358414,0.6002052451006508,0.001183839266377074,136,20
ox,PHYH,Hypoxia,0.6513068871543044,0.09997534803732626,0.45535880565928777,0.847254968649321,7.284727344988915e-11,136,20
ox,PMPCA,Inflamm,0.37445486281693774,0.1159029405355745,0.1472892736649242,0.6016204519689513,0.0012346052091303068,136,20
ox,PMPCA,Hypoxia,0.6447437605908632,0.09967879276403002,0.44937691675093266,0.8401106044307938,9.916800759092744e-11,136,20
ox,POLR2F,Inflamm,0.36857219907311,0.11747855103293171,0.13831847009261308,0.5988259280536069,0.0017047819056354111,136,20
ox,POLR2F,Hypoxia,0.6493804292673244,0.10220882784305965,0.44905480779287277,0.8497060507417761,2.1051517219812105e-10,136,20
ox,POR,Inflamm,0.3671264924157527,0.11522647700542123,0.14128674741969438,0.592966237411811,0.0014418997559100814,136,20
ox,POR,Hypoxia,0.6447656961378649,0.0991154273883673,0.45050302814437015,0.8390283641313597,7.758998775689589e-11,136,20
ox,PRDX3,Inflamm,0.3726885099235817,0.11711901923928021,0.14313945030993883,0.6022375695372246,0.001461937449508177,136,20
ox,PRDX3,Hypoxia,0.6395674230929373,0.10178286531180732,0.4400766728385038,0.8390581733473709,3.3072481395964126e-10,136,20
ox,RETSAT,Inflamm,0.36645449167804967,0.115876081101695,0.13934154604908508,0.5935674373070142,0.0015643749564449535,136,20
ox,RETSAT,Hypoxia,0.640268211627782,0.10000582058308388,0.4442604050405632,0.8362760182150009,1.5304406100983666e-10,136,20
ox,RHOT1,Inflamm,0.37405555944327307,0.11595158468480966,0.14679462951070002,0.6013164893758461,0.0012554944460681837,136,20
ox,RHOT1,Hypoxia,0.6469334646721547,0.09983662650058457,0.4512572723930318,0.8426096569512777,9.177058231695551e-11,136,20
ox,RHOT2,Inflamm,0.36702627782488584,0.11556869636730811,0.14051579520471696,0.5935367604450548,0.0014940961634344167,136,20
ox,RHOT2,Hypoxia,0.6436527294467013,0.10026933574415345,0.4471284426344058,0.8401770162589968,1.369581540130772e-10,136,20
ox,SDHA,Inflamm,0.3673983454436325,0.11670596432163104,0.13865885859221913,0.5961378322950458,0.001643532928242617,136,20
ox,SDHA,Hypoxia,0.6421494602530052,0.10151872859653048,0.44317640844750905,0.8411225120585014,2.5253080051053034e-10,136,20
ox,SDHB,Inflamm,0.37837169078309907,0.11624030817621997,0.15054487320587115,0.606198508360327,0.0011335978182641284,136,20
ox,SDHB,Hypoxia,0.6507808707749883,0.09963450842460651,0.4555008226454069,0.8460609189045696,6.503536556800734e-11,136,20
ox,SDHD,Inflamm,0.3794621596958616,0.1178410642438631,0.1484979178780192,0.610426401513704,0.0012813773630822641,136,20
ox,SDHD,Hypoxia,0.6471086802564092,0.10167196937655551,0.4478352820411011,0.8463820784717173,1.9570820865326572e-10,136,20
ox,SLC25A11,Inflamm,0.36736805169491993,0.11598883763697224,0.14003410731779042,0.5947019960720494,0.0015387698590217768,136,20
ox,SLC25A11,Hypoxia,0.6442753298815191,0.10071511481403556,0.446877332147193,0.8416733276158452,1.5845170132229676e-10,136,20
ox,SLC25A12,Inflamm,0.3667183115319489,0.11677407315421993,0.13784533382163222,0.5955912892422656,0.0016871230420227221,136,20
ox,SLC25A12,Hypoxia,0.6413172035196955,0.10291346835159501,0.43961051202646656,0.8430238950129243,4.6164831913583425e-10,136,20
ox,SLC25A20,Inflamm,0.37210889952393733,0.11670894470203495,0.14336357123427207,0.6008542278136026,0.0014308749920290205,136,20
ox,SLC25A20,Hypoxia,0.643707169916915,0.10190489051704979,0.44397725465500015,0.8434370851788299,2.671304531296637e-10,136,20
ox,SLC25A3,Inflamm,0.38057015899723345,0.11623191003942317,0.1527598014656645,0.6083805165288024,0.0010594984501972235,136,20
ox,SLC25A3,Hypoxia,0.649191326351557,0.09961204493977109,0.4539553058432203,0.8444273468598936,7.16332945500773e-11,136,20
ox,SLC25A5,Inflamm,0.3736780236310031,0.1163588330039865,0.145618901660079,0.6017371456019273,0.0013207702602523821,136,20
ox,SLC25A5,Hypoxia,0.6471534342501183,0.10025029315133097,0.45066647023392714,0.8436403982663094,1.0794984471598837e-10,136,20
ox,SLC25A6,Inflamm,0.37132933159641524,0.11531026539826761,0.14532536436805554,0.5973332988247749,0.0012807323349115442,136,20
ox,SLC25A6,Hypoxia,0.6499966221394111,0.10013715427077333,0.45373140625436414,0.8462618380244581,8.523257018773952e-11,136,20
ox,SUCLA2,Inflamm,0.36579512169635,0.11642108323627882,0.13761399151210366,0.5939762518805963,0.0016779765107775002,136,20
ox,SUCLA2,Hypoxia,0.634464594240653,0.10073946796677347,0.4370188652040506,0.8319103232772556,3.0136721718886147e-10,136,20
ox,SUCLG1,Inflamm,0.3665462372694219,0.11684028772264908,0.13754348138973227,0.5955489931491116,0.0017059519462762705,136,20
ox,SUCLG1,Hypoxia,0.6416132786954075,0.10172993621726396,0.44222626756001326,0.8410002898308018,2.844493987019767e-10,136,20
ox,SUPV3L1,Inflamm,0.3654899033410254,0.11539962058736469,0.1393108031602036,0.5916690035218471,0.001539317403030804,136,20
ox,SUPV3L1,Hypoxia,0.6406156633505897,0.09872003499552076,0.44712795020683527,0.8341033764943442,8.628399853990842e-11,136,20
ox,SURF1,Inflamm,0.37346064555365066,0.11548424549627104,0.14711568359917748,0.5998056075081238,0.0012212648059669446,136,20
ox,SURF1,Hypoxia,0.650720803653567,0.09826992074225567,0.4581152982351403,0.8433263090719937,3.5492323757381175e-11,136,20
ox,TCIRG1,Inflamm,0.37205362954148047,0.1147753380868594,0.14709810057782768,0.5970091585051333,0.0011886837840773305,136,20
ox,TCIRG1,Hypoxia,0.6495144213682775,0.09849967338941552,0.4564586090360647,0.8425702337004903,4.279098683450603e-11,136,20
ox,TIMM10,Inflamm,0.36811782136411497,0.1181512980864101,0.13654553238809497,0.599690110340135,0.0018354139984979845,136,20
ox,TIMM10,Hypoxia,0.640442325952673,0.10238726426752359,0.439766975512742,0.841117676392604,3.9726751359139383e-10,136,20
ox,TIMM13,Inflamm,0.36848686523809737,0.11687574054098217,0.13941462311132444,0.5975591073648703,0.0016170767645800413,136,20
ox,TIMM13,Hypoxia,0.6452875796658534,0.1015091980885349,0.44633320731278286,0.8442419520189239,2.0581631935656044e-10,136,20
ox,TIMM17A,Inflamm,0.38513762218426895,0.11640639844798356,0.15698527365620193,0.6132899707123359,0.000937768913042894,136,20
ox,TIMM17A,Hypoxia,0.6496068393450734,0.09952647071545888,0.4545385412343935,0.8446751374557532,6.711100388718037e-11,136,20
ox,TIMM50,Inflamm,0.37405110415377296,0.11560253425089134,0.1474743005004679,0.600627907807078,0.0012135961107445957,136,20
ox,TIMM50,Hypoxia,0.6472019479634001,0.10052218033021659,0.45018209486873495,0.8442218010580653,1.2073992425399053e-10,136,20
ox,TIMM8B,Inflamm,0.36832717977078233,0.11757945763154072,0.13787567749120933,0.5987786820503553,0.0017327658442043994,136,20
ox,TIMM8B,Hypoxia,0.650210390677792,0.10327254146203911,0.44779992882027586,0.8526208525353081,3.0530102733730924e-10,136,20
ox,TIMM9,Inflamm,0.3699059278165363,0.11769792951591129,0.1392222249104164,0.6005896307226563,0.0016731645945100937,136,20
ox,TIMM9,Hypoxia,0.6414065488792562,0.1016565533418055,0.44216336553684255,0.8406497322216698,2.79857860399196e-10,136,20
ox,TOMM22,Inflamm,0.3792311232882625,0.11635497272090538,0.15117956733314747,0.6072826792433774,0.0011170319601218985,136,20
ox,TOMM22,Hypoxia,0.6501770065286783,0.10092884544104355,0.45236010446302327,0.8479939085943333,1.1796022905265002e-10,136,20
ox,UQCR10,Inflamm,0.3682836017299401,0.11813101800798674,0.13675106097723355,0.5998161424826467,0.001823387721399641,136,20
ox,UQCR10,Hypoxia,0.6506820658937692,0.10211697479848186,0.4505364730785604,0.850827658708978,1.8666586708688973e-10,136,20
ox,UQCR11,Inflamm,0.3711434623057701,0.11810959309036052,0.13965291361998267,0.6026340109915576,0.0016758892355576795,136,20
ox,UQCR11,Hypoxia,0.6545693206832062,0.10234446981735791,0.4539778458243381,0.8551607955420742,1.59764504953273e-10,136,20
ox,UQCRB,Inflamm,0.3789057870150483,0.11782472073458125,0.14797357788677928,0.6098379961433174,0.0013006202799261911,136,20
ox,UQCRB,Hypoxia,0.6564173842714218,0.10171308466459456,0.4570634015723432,0.8557713669705005,1.0921096128385342e-10,136,20
ox,UQCRC1,Inflamm,0.37668740678674817,0.11572631585711993,0.14986799564328657,0.6035068179302098,0.001133984081984235,136,20
ox,UQCRC1,Hypoxia,0.6497068689789278,0.09977384747287318,0.4541537213331037,0.8452600166247519,7.4257880652455e-11,136,20
ox,UQCRC2,Inflamm,0.37313478206870254,0.11553430442591152,0.1466917064150294,0.5995778577223757,0.0012394403756135943,136,20
ox,UQCRC2,Hypoxia,0.6411340072756391,0.09952273234823013,0.44607303623008865,0.8361949783211895,1.1784241946279358e-10,136,20
ox,UQCRFS1,Inflamm,0.378766646298897,0.11535184122358555,0.1526811919502866,0.6048521006475074,0.0010249866038888336,136,20
ox,UQCRFS1,Hypoxia,0.652710779416186,0.09961948866531993,0.4574601694738628,0.8479613893585093,5.675669613707551e-11,136,20
ox,UQCRH,Inflamm,0.38293415215523197,0.11763793731992957,0.15236803179258968,0.6135002725178742,0.0011331546089202553,136,20
ox,UQCRH,Hypoxia,0.6556070828269254,0.10141391919187207,0.4568394536798007,0.85437471197405,1.0152301020515826e-10,136,20
ox,UQCRQ,Inflamm,0.37161848236946016,0.11748312241562017,0.14135579364353432,0.601881171095386,0.001560639360522973,136,20
ox,UQCRQ,Hypoxia,0.6568035185569976,0.10230205251215455,0.45629518008864933,0.8573118570253458,1.3606151039658887e-10,136,20
ox,VDAC1,Inflamm,0.3752599447643248,0.11407736919746671,0.1516724096862111,0.5988474798424385,0.0010035793242827147,136,20
ox,VDAC1,Hypoxia,0.6483013873233011,0.0982325423155469,0.45576914227502235,0.8408336323715799,4.1210158198549584e-11,136,20
ox,VDAC2,Inflamm,0.38050104890383185,0.11504845546024964,0.15501021972478204,0.6059918780828817,0.0009419617343554064,136,20
ox,VDAC2,Hypoxia,0.6544954446888657,0.09894032190041745,0.4605759771452479,0.8484149122324834,3.714193739616824e-11,136,20
ox,VDAC3,Inflamm,0.36356251011234764,0.11735185506531753,0.13355710066536094,0.5935679195593343,0.0019479522417390387,136,20
ox,VDAC3,Hypoxia,0.634045844016907,0.10161010479852971,0.43489369814644824,0.8331979898873658,4.376042044521956e-10,136,20
